id,created_at,customer_name,customer_email,subject,category,urgency,complexity,confidence_score,status,response_time_seconds,escalation_reason,resolved_at,body,ai_response,csat_score
5784b767-7e02-4a31-866a-2c8945e90f83,2026-02-28T03:54:31.741481+00:00,Bob Martinez,bob@enterprise.com,Demand full refund immediately,refund_request,5,complex,0.9,escalated,2.4,High urgency level (5/5) | Category 'refund_request' requires human handling,,Your product damaged my equipment. I am demanding a full refund and compensation. This is unacceptable.,Bob Martinez is demanding a full refund due to his equipment being damaged by our product. This ticket is being escalated due to its critical urgency and potential revenue loss. The recommended first action is to review the customer's account and assess the situation before responding. Immediate attention is required to address the customer's concerns and prevent further escalation.,
47bc678b-a47e-44b3-a10e-87ffd1b8fe90,2026-02-28T03:54:20.609219+00:00,Alice Chen,alice@company.com,Where is my shipment?,shipping,2,simple,0.85,auto_resolved,3.09,,2026-02-28T03:54:19.158405+00:00,I ordered 5 days ago and still no tracking update. Order #78432.,"Hi Alice,

Thank you for reaching out about your order #78432. I understand how concerning it can be to not see any tracking updates after five days. I’m here to help!

I’ve checked the status of your shipment, and it appears that it’s currently in transit but has not yet updated in our system. I recommend checking back in 24-48 hours for tracking updates, as it may take some time for the information to reflect properly.

If you still don't see any updates by then, please let us know, and we’ll be happy to investigate further. Thank you for your patience, and we appreciate your understanding.

Best regards,  
Support Team",
